Workbook

Sheet 育龄妇女TFR
A1: 指标名称 | B1: 抽样数:占总人口比例:女性:15-19岁 | C1: 抽样数:占总人口比例:女性:20-24岁 | D1: 抽样数:占总人口比例:女性:25-29岁 | E1: 抽样数:占总人口比例:女性:30-34岁 | F1: 抽样数:占总人口比例:女性:35-39岁 | G1: 抽样数:占总人口比例:女性:40-44岁 | H1: 抽样数:占总人口比例:女性:45-49岁 | I1: 总人数 | J1: 出生人口 | K1: TFR | L1: 根据七普数据调整的出生人口 | M1: 根据七普数据调整的TFR
A2: 37986 | B2: =分年龄阶段人口!AS2 -> 5169.08 | C2: =分年龄阶段人口!AT2 -> 4380.7953 | D2: =分年龄阶段人口!AU2 -> 4923.5487 | E2: =分年龄阶段人口!AV2 -> 6241.6641 | F2: =分年龄阶段人口!AW2 -> 6138.2825 | G2: =分年龄阶段人口!AX2 -> 5039.853 | H2: =分年龄阶段人口!AY2 -> 4781.399 | I2: =SUM(B2:H2) -> 36674.623 | J2: =出生人口!B58 -> 1599 | K2: =J2*30/I2 -> 1.3079889
A3: 38352 | B3: =分年龄阶段人口!AS3 -> 5459.496 | C3: =分年龄阶段人口!AT3 -> 4198.6124 | D3: =分年龄阶段人口!AU3 -> 4666.5692 | E3: =分年龄阶段人口!AV3 -> 6109.436 | F3: =分年龄阶段人口!AW3 -> 6330.4156 | G3: =分年龄阶段人口!AX3 -> 5212.5188 | H3: =分年龄阶段人口!AY3 -> 4588.5764 | I3: =SUM(B3:H3) -> 36565.624 | J3: =出生人口!B59 -> 1593 | K3: =J3*30/I3 -> 1.3069652
A4: 38717 | B4: =分年龄阶段人口!AS4 -> 5347.9204 | C4: =分年龄阶段人口!AT4 -> 4131.8896 | D4: =分年龄阶段人口!AU4 -> 4393.4016 | E4: =分年龄阶段人口!AV4 -> 5661.7348 | F4: =分年龄阶段人口!AW4 -> 6459.3464 | G4: =分年龄阶段人口!AX4 -> 5714.0372 | H4: =分年龄阶段人口!AY4 -> 4406.4772 | I4: =SUM(B4:H4) -> 36114.807 | J4: =出生人口!B60 -> 1617 | K4: =J4*30/I4 -> 1.3432164
A5: 39082 | B5: =分年龄阶段人口!AS5 -> 5460.2185 | C5: =分年龄阶段人口!AT5 -> 4286.1249 | D5: =分年龄阶段人口!AU5 -> 4214.7487 | E5: =分年龄阶段人口!AV5 -> 5243.9865 | F5: =分年龄阶段人口!AW5 -> 6383.5092 | G5: =分年龄阶段人口!AX5 -> 6448.0502 | H5: =分年龄阶段人口!AY5 -> 4215.2745 | I5: =SUM(B5:H5) -> 36251.912 | J5: =出生人口!B61 -> 1584 | K5: =J5*30/I5 -> 1.3108274
A6: 39447 | B6: =分年龄阶段人口!AS6 -> 5166.2439 | C6: =分年龄阶段人口!AT6 -> 4452.7473 | D6: =分年龄阶段人口!AU6 -> 4386.6828 | E6: =分年龄阶段人口!AV6 -> 4901.9859 | F6: =分年龄阶段人口!AW6 -> 6474.321 | G6: =分年龄阶段人口!AX6 -> 6474.321 | H6: =分年龄阶段人口!AY6 -> 4241.3409 | I6: =SUM(B6:H6) -> 36097.643 | J6: =出生人口!B62 -> 1594 | K6: =J6*30/I6 -> 1.3247402
A7: 39813 | B7: =分年龄阶段人口!AS7 -> 4887.1136 | C7: =分年龄阶段人口!AT7 -> 4608.2294 | D7: =分年龄阶段人口!AU7 -> 4382.466 | E7: =分年龄阶段人口!AV7 -> 4661.3502 | F7: =分年龄阶段人口!AW7 -> 6228.4138 | G7: =分年龄阶段人口!AX7 -> 6427.6168 | H7: =分年龄阶段人口!AY7 -> 4807.4324 | I7: =SUM(B7:H7) -> 36002.622 | J7: =出生人口!B63 -> 1608 | K7: =J7*30/I7 -> 1.3399024
A8: 40178 | B8: =分年龄阶段人口!AS8 -> 4510.61 | C8: =分年龄阶段人口!AT8 -> 5004.375 | D8: =分年龄阶段人口!AU8 -> 4323.78 | E8: =分年龄阶段人口!AV8 -> 4577.335 | F8: =分年龄阶段人口!AW8 -> 6125.355 | G8: =分年龄阶段人口!AX8 -> 6472.325 | H8: =分年龄阶段人口!AY8 -> 5351.345 | I8: =SUM(B8:H8) -> 36365.125 | J8: =出生人口!B64 -> 1615 | K8: =J8*30/I8 -> 1.3323205
A9: 40543 | B9: =分年龄阶段人口!AS9 -> 0 | C9: =分年龄阶段人口!AT9 -> 0 | D9: =分年龄阶段人口!AU9 -> 0 | E9: =分年龄阶段人口!AV9 -> 0 | F9: =分年龄阶段人口!AW9 -> 0 | G9: =分年龄阶段人口!AX9 -> 0 | H9: =分年龄阶段人口!AY9 -> 0 | I9: =SUM(B9:H9) -> 0 | J9: =出生人口!B65 -> 1588 | K9: =J9*30/I9 -> #DIV/0!
A10: 40908 | B10: =分年龄阶段人口!AS10 -> 4513.6225 | C10: =分年龄阶段人口!AT10 -> 6278.651 | D10: =分年龄阶段人口!AU10 -> 5214.2445 | E10: =分年龄阶段人口!AV10 -> 4729.1985 | F10: =分年龄阶段人口!AW10 -> 5564.5555 | G10: =分年龄阶段人口!AX10 -> 6184.3365 | H10: =分年龄阶段人口!AY10 -> 5820.552 | I10: =SUM(B10:H10) -> 38305.16 | J10: =出生人口!B66 -> 1604 | K10: =J10*30/I10 -> 1.2562276 | L10: =J10*[1]表5全国及各地区人口年龄结构!$B$8/[1]表5全国及各地区人口年龄结构!$F$8/(1-0.242%) -> 1687.2232 | M10: =L10/I10*30 -> 1.3214067
A11: 41274 | B11: =分年龄阶段人口!AS11 -> 4211.0644 | C11: =分年龄阶段人口!AT11 -> 5984.8568 | D11: =分年龄阶段人口!AU11 -> 5375.5388 | E11: =分年龄阶段人口!AV11 -> 4942.246 | F11: =分年龄阶段人口!AW11 -> 5240.1348 | G11: =分年龄阶段人口!AX11 -> 6336.9072 | H11: =分年龄阶段人口!AY11 -> 5862.9932 | I11: =SUM(B11:H11) -> 37953.741 | J11: =出生人口!B67 -> 1635 | K11: =J11*30/I11 -> 1.2923627 | L11: =J11*[1]表5全国及各地区人口年龄结构!$B$8/[1]表5全国及各地区人口年龄结构!$F$8/(1-0.242%) -> 1719.8316 | M11: =L11/I11*30 -> 1.3594167
A12: 41639 | B12: =分年龄阶段人口!AS12 -> 3959.6952 | C12: =分年龄阶段人口!AT12 -> 5646.988 | D12: =分年龄阶段人口!AU12 -> 5646.988 | E12: =分年龄阶段人口!AV12 -> 4953.0208 | F12: =分年龄阶段人口!AW12 -> 5021.0568 | G12: =分年龄阶段人口!AX12 -> 6177.6688 | H12: =分年龄阶段人口!AY12 -> 5864.7032 | I12: =SUM(B12:H12) -> 37270.121 | J12: =出生人口!B68 -> 1640 | K12: =J12*30/I12 -> 1.3200923 | L12: =J12*[1]表5全国及各地区人口年龄结构!$B$8/[1]表5全国及各地区人口年龄结构!$F$8/(1-0.242%) -> 1725.091 | M12: =L12/I12*30 -> 1.388585
A13: 42004 | B13: =分年龄阶段人口!AS13 -> 3665.7576 | C13: =分年龄阶段人口!AT13 -> 5334.498 | D13: =分年龄阶段人口!AU13 -> 5963.6952 | E13: =分年龄阶段人口!AV13 -> 4965.1866 | F13: =分年龄阶段人口!AW13 -> 4869.4392 | G13: =分年龄阶段人口!AX13 -> 6073.1208 | H13: =分年龄阶段人口!AY13 -> 5936.3388 | I13: =SUM(B13:H13) -> 36808.036 | J13: =出生人口!B69 -> 1687 | K13: =J13*30/I13 -> 1.3749715 | L13: =J13*[1]表5全国及各地区人口年龄结构!$B$8/[1]表5全国及各地区人口年龄结构!$F$8/(1-0.242%) -> 1774.5296 | M13: =L13/I13*30 -> 1.4463116
A14: 42369 | B14: =分年龄阶段人口!AS14 -> 3477.7886 | C14: =分年龄阶段人口!AT14 -> 4811.17 | D14: =分年龄阶段人口!AU14 -> 6350.7444 | E14: =分年龄阶段人口!AV14 -> 5017.363 | F14: =分年龄阶段人口!AW14 -> 4769.9314 | G14: =分年龄阶段人口!AX14 -> 5759.6578 | H14: =分年龄阶段人口!AY14 -> 6089.5666 | I14: =SUM(B14:H14) -> 36276.222 | J14: =出生人口!B70 -> 1655 | K14: =J14*30/I14 -> 1.3686651 | L14: =J14*[1]表5全国及各地区人口年龄结构!$B$8/[1]表5全国及各地区人口年龄结构!$F$8/(1-0.242%) -> 1740.8693 | M14: =L14/I14*30 -> 1.439678
A15: 42735 | B15: =分年龄阶段人口!AS15 -> 3387.6395 | C15: =分年龄阶段人口!AT15 -> 4507.6346 | D15: =分年龄阶段人口!AU15 -> 6263.6763 | E15: =分年龄阶段人口!AV15 -> 5198.9896 | F15: =分年龄阶段人口!AW15 -> 4715.0411 | G15: =分年龄阶段人口!AX15 -> 5544.6671 | H15: =分年龄阶段人口!AY15 -> 6139.2324 | I15: =SUM(B15:H15) -> 35756.881 | J15: =出生人口!B71 -> 1786 | K15: =J15*30/I15 -> 1.4984529 | L15: =J15*[1]表5全国及各地区人口年龄结构!$B$8/[1]表5全国及各地区人口年龄结构!$F$8/(1-0.242%) -> 1878.6662 | M15: =L15/I15*30 -> 1.5761997
A16: 43100 | B16: =分年龄阶段人口!AS16 -> 3308.3904 | C16: =分年龄阶段人口!AT16 -> 4211.9424 | D16: =分年龄阶段人口!AU16 -> 5977.344 | E16: =分年龄阶段人口!AV16 -> 5365.7088 | F16: =分年龄阶段人口!AW16 -> 4934.784 | G16: =分年龄阶段人口!AX16 -> 5212.8 | H16: =分年龄阶段人口!AY16 -> 6283.1616 | I16: =SUM(B16:H16) -> 35294.131 | J16: =出生人口!B72 -> 1723 | K16: =J16*30/I16 -> 1.4645494 | L16: =J16*[1]表5全国及各地区人口年龄结构!$B$8/[1]表5全国及各地区人口年龄结构!$F$8/(1-0.242%) -> 1812.3975 | M16: =L16/I16*30 -> 1.5405372
A17: 43465 | B17: =分年龄阶段人口!AS17 -> 3251.2354 | C17: =分年龄阶段人口!AT17 -> 3893.1102 | D17: =分年龄阶段人口!AU17 -> 5511.751 | E17: =分年龄阶段人口!AV17 -> 5651.289 | F17: =分年龄阶段人口!AW17 -> 4925.6914 | G17: =分年龄阶段人口!AX17 -> 4995.4604 | H17: =分年龄阶段人口!AY17 -> 6125.7182 | I17: =SUM(B17:H17) -> 34354.256 | J17: =出生人口!B73 -> 1523 | K17: =J17*30/I17 -> 1.3299662 | L17: =J17*[1]表5全国及各地区人口年龄结构!$B$8/[1]表5全国及各地区人口年龄结构!$F$8/(1-0.242%) -> 1602.0205 | M17: =L17/I17*30 -> 1.3989712
A18: 43830 | B18: =分年龄阶段人口!AS18 -> 3276.117 | C18: =分年龄阶段人口!AT18 -> 3682.1315 | D18: =分年龄阶段人口!AU18 -> 5068.181 | E18: =分年龄阶段人口!AV18 -> 5992.214 | F18: =分年龄阶段人口!AW18 -> 4928.176 | G18: =分年龄阶段人口!AX18 -> 4844.173 | H18: =分年龄阶段人口!AY18 -> 6020.215 | I18: =SUM(B18:H18) -> 33811.207 | J18: =出生人口!B74 -> 1465 | K18: =J18*30/I18 -> 1.2998648 | L18: =J18*[1]表5全国及各地区人口年龄结构!$B$8/[1]表5全国及各地区人口年龄结构!$F$8/(1-0.242%) -> 1541.0112 | M18: =L18/I18*30 -> 1.367308
A19: 44196 | B19: =分年龄阶段人口!AS19 -> 0 | C19: =分年龄阶段人口!AT19 -> 0 | D19: =分年龄阶段人口!AU19 -> 0 | E19: =分年龄阶段人口!AV19 -> 0 | F19: =分年龄阶段人口!AW19 -> 0 | G19: =分年龄阶段人口!AX19 -> 0 | H19: =分年龄阶段人口!AY19 -> 0 | I19: =[1]表5全国及各地区人口年龄结构!$E$9/10000 -> 33003.181 | J19: =1200*12/10 -> 1440 | K19: =J19*30/I19 -> 1.3089648 | L19: =J19*[1]表5全国及各地区人口年龄结构!$B$8/[1]表5全国及各地区人口年龄结构!$F$8/(1-0.242%) -> 1514.7141 | M19: =L19/I19*30 -> 1.3768801

Sheet 分年龄阶段人口
A1: 指标名称 | B1: 抽样数:占总人口比例:0-4岁 | C1: 抽样数:占总人口比例:5-9岁 | D1: 抽样数:占总人口比例:10-14岁 | E1: 抽样数:占总人口比例:15-19岁 | F1: 抽样数:占总人口比例:20-24岁 | G1: 抽样数:占总人口比例:25-29岁 | H1: 抽样数:占总人口比例:30-34岁 | I1: 抽样数:占总人口比例:35-39岁 | J1: 抽样数:占总人口比例:40-44岁 | K1: 抽样数:占总人口比例:45-49岁 | L1: 抽样数:占总人口比例:50-54岁 | M1: 抽样数:占总人口比例:55-59岁 | N1: 抽样数:占总人口比例:60-64岁 | O1: 抽样数:占总人口比例:65-69岁 | P1: 抽样数:占总人口比例:70-74岁 | Q1: 抽样数:占总人口比例:75-79岁 | R1: 抽样数:占总人口比例:80-84岁 | S1: 抽样数:占总人口比例:85-89岁 | T1: 抽样数:占总人口比例:90-94岁 | U1: 抽样数:占总人口比例:95岁以上 | V1: 抽样数:占总人口比例:男性:0-4岁 | W1: 抽样数:占总人口比例:男性:5-9岁 | X1: 抽样数:占总人口比例:男性:10-14岁 | Y1: 抽样数:占总人口比例:男性:15-19岁 | Z1: 抽样数:占总人口比例:男性:20-24岁 | AA1: 抽样数:占总人口比例:男性:25-29岁 | AB1: 抽样数:占总人口比例:男性:30-34岁 | AC1: 抽样数:占总人口比例:男性:35-39岁 | AD1: 抽样数:占总人口比例:男性:40-44岁 | AE1: 抽样数:占总人口比例:男性:45-49岁 | AF1: 抽样数:占总人口比例:男性:50-54岁 | AG1: 抽样数:占总人口比例:男性:55-59岁 | AH1: 抽样数:占总人口比例:男性:60-64岁 | AI1: 抽样数:占总人口比例:男性:65-69岁 | AJ1: 抽样数:占总人口比例:男性:70-74岁 | AK1: 抽样数:占总人口比例:男性:75-79岁 | AL1: 抽样数:占总人口比例:男性:80-84岁 | AM1: 抽样数:占总人口比例:男性:85-89岁 | AN1: 抽样数:占总人口比例:男性:90-94岁 | AO1: 抽样数:占总人口比例:男性:95岁以上 | AP1: 抽样数:占总人口比例:女性:0-4岁 | AQ1: 抽样数:占总人口比例:女性:5-9岁 | AR1: 抽样数:占总人口比例:女性:10-14岁 | AS1: 抽样数:占总人口比例:女性:15-19岁 | AT1: 抽样数:占总人口比例:女性:20-24岁 | AU1: 抽样数:占总人口比例:女性:25-29岁 | AV1: 抽样数:占总人口比例:女性:30-34岁 | AW1: 抽样数:占总人口比例:女性:35-39岁 | AX1: 抽样数:占总人口比例:女性:40-44岁 | AY1: 抽样数:占总人口比例:女性:45-49岁 | AZ1: 抽样数:占总人口比例:女性:50-54岁 | BA1: 抽样数:占总人口比例:女性:55-59岁 | BB1: 抽样数:占总人口比例:女性:60-64岁 | BC1: 抽样数:占总人口比例:女性:65-69岁 | BD1: 抽样数:占总人口比例:女性:70-74岁 | BE1: 抽样数:占总人口比例:女性:75-79岁 | BF1: 抽样数:占总人口比例:女性:80-84岁 | BG1: 抽样数:占总人口比例:女性:85-89岁 | BH1: 抽样数:占总人口比例:女性:90-94岁 | BI1: 抽样数:占总人口比例:女性:95岁以上
A2: 37986 | B2: =original!B58/100*original!$BK58 -> 6525.9635 | C2: =original!C58/100*original!$BK58 -> 8477.2912 | D2: =original!D58/100*original!$BK58 -> 11320.285 | E2: =original!E58/100*original!$BK58 -> 10816.3 | F2: =original!F58/100*original!$BK58 -> 8774.5133 | G2: =original!G58/100*original!$BK58 -> 9821.252 | H2: =original!H58/100*original!$BK58 -> 12547.942 | I2: =original!I58/100*original!$BK58 -> 12418.715 | ... BI2: =original!BI58/100*original!$BK58 -> 12.9227
A3: 38352 | B3: =original!B59/100*original!$BK59 -> 6434.406 | C3: =original!C59/100*original!$BK59 -> 7916.2692 | D3: =original!D59/100*original!$BK59 -> 10789.004 | E3: =original!E59/100*original!$BK59 -> 11334.954 | F3: =original!F59/100*original!$BK59 -> 8254.238 | G3: =original!G59/100*original!$BK59 -> 9177.1528 | H3: =original!H59/100*original!$BK59 -> 12231.871 | I3: =original!I59/100*original!$BK59 -> 12712.826 | ... BI3: =original!BI59/100*original!$BK59 -> 12.9988
A4: 38717 | B4: =original!B60/100*original!$BK60 -> 6982.3704 | C4: =original!C60/100*original!$BK60 -> 8159.1744 | D4: =original!D60/100*original!$BK60 -> 10421.253 | E4: =original!E60/100*original!$BK60 -> 11114.26 | F4: =original!F60/100*original!$BK60 -> 7976.116 | G4: =original!G60/100*original!$BK60 -> 8551.4424 | H4: =original!H60/100*original!$BK60 -> 11127.336 | I4: =original!I60/100*original!$BK60 -> 12709.483 | ... BI4: =original!BI60/100*original!$BK60 -> 19.351888
A5: 39082 | B5: =original!B61/100*original!$BK61 -> 6674.1408 | C5: =original!C61/100*original!$BK61 -> 7779.7499 | D5: =original!D61/100*original!$BK61 -> 9824.0292 | E5: =original!E61/100*original!$BK61 -> 11574.917 | F5: =original!F61/100*original!$BK61 -> 8393.8749 | G5: =original!G61/100*original!$BK61 -> 8167.9158 | H5: =original!H61/100*original!$BK61 -> 10293.693 | I5: =original!I61/100*original!$BK61 -> 12559.068 | ... BI5: =original!BI61/100*original!$BK61 -> 0
A6: 39447 | B6: =original!B62/100*original!$BK62 -> 6672.5145 | C6: =original!C62/100*original!$BK62 -> 7584.2046 | D6: =original!D62/100*original!$BK62 -> 9367.9461 | E6: =original!E62/100*original!$BK62 -> 10993.133 | F6: =original!F62/100*original!$BK62 -> 8733.7269 | G6: =original!G62/100*original!$BK62 -> 8535.5334 | H6: =original!H62/100*original!$BK62 -> 9645.417 | I6: =original!I62/100*original!$BK62 -> 12829.726 | ... BI6: =original!BI62/100*original!$BK62 -> 26.4258
A7: 39813 | B7: =original!B63/100*original!$BK63 -> 6812.7426 | C7: =original!C63/100*original!$BK63 -> 7250.9892 | D7: =original!D63/100*original!$BK63 -> 8937.5746 | E7: =original!E63/100*original!$BK63 -> 10451.517 | F7: =original!F63/100*original!$BK63 -> 9110.2172 | G7: =original!G63/100*original!$BK63 -> 8605.5696 | H7: =original!H63/100*original!$BK63 -> 9243.0192 | I7: =original!I63/100*original!$BK63 -> 12310.745 | ... BI7: =original!BI63/100*original!$BK63 -> 26.5604
A8: 40178 | B8: =original!B64/100*original!$BK64 -> 6886.02 | C8: =original!C64/100*original!$BK64 -> 7219.645 | D8: =original!D64/100*original!$BK64 -> 8407.35 | E8: =original!E64/100*original!$BK64 -> 9568.365 | F8: =original!F64/100*original!$BK64 -> 10035.44 | G8: =original!G64/100*original!$BK64 -> 8647.56 | H8: =original!H64/100*original!$BK64 -> 9021.22 | I8: =original!I64/100*original!$BK64 -> 12143.95 | ... BI8: =original!BI64/100*original!$BK64 -> 26.69
A9: 40543 | B9: =original!B65/100*original!$BK65 -> 0 | C9: =original!C65/100*original!$BK65 -> 0 | D9: =original!D65/100*original!$BK65 -> 0 | E9: =original!E65/100*original!$BK65 -> 0 | F9: =original!F65/100*original!$BK65 -> 0 | G9: =original!G65/100*original!$BK65 -> 0 | H9: =original!H65/100*original!$BK65 -> 0 | I9: =original!I65/100*original!$BK65 -> 0 | ... BI9: =original!BI65/100*original!$BK65 -> 0
A10: 40908 | B10: =original!B66/100*original!$BK66 -> 7626.001 | C10: =original!C66/100*original!$BK66 -> 7208.3225 | D10: =original!D66/100*original!$BK66 -> 7356.531 | E10: =original!E66/100*original!$BK66 -> 9458.397 | F10: =original!F66/100*original!$BK66 -> 12772.878 | G10: =original!G66/100*original!$BK66 -> 10495.856 | H10: =original!H66/100*original!$BK66 -> 9660.4995 | I10: =original!I66/100*original!$BK66 -> 11398.581 | ... BI10: =original!BI66/100*original!$BK66 -> 26.947
A11: 41274 | B11: =original!B67/100*original!$BK67 -> 7704.4876 | C11: =original!C67/100*original!$BK67 -> 7379.518 | D11: =original!D67/100*original!$BK67 -> 7203.4928 | E11: =original!E67/100*original!$BK67 -> 8896.0428 | F11: =original!F67/100*original!$BK67 -> 12254.062 | G11: =original!G67/100*original!$BK67 -> 10832.32 | H11: =original!H67/100*original!$BK67 -> 10060.517 | I11: =original!I67/100*original!$BK67 -> 10723.997 | ... BI11: =original!BI67/100*original!$BK67 -> 27.0808
A12: 41639 | B12: =original!B68/100*original!$BK68 -> 7728.8896 | C12: =original!C68/100*original!$BK68 -> 7592.8176 | D12: =original!D68/100*original!$BK68 -> 7007.708 | E12: =original!E68/100*original!$BK68 -> 8354.8208 | F12: =original!F68/100*original!$BK68 -> 11851.871 | G12: =original!G68/100*original!$BK68 -> 11334.798 | H12: =original!H68/100*original!$BK68 -> 10055.721 | I12: =original!I68/100*original!$BK68 -> 10259.829 | ... BI12: =original!BI68/100*original!$BK68 -> 27.2144
A13: 42004 | B13: =original!B69/100*original!$BK69 -> 7782.8958 | C13: =original!C69/100*original!$BK69 -> 7673.4702 | D13: =original!D69/100*original!$BK69 -> 7085.3076 | E13: =original!E69/100*original!$BK69 -> 7878.6432 | F13: =original!F69/100*original!$BK69 -> 11038.307 | G13: =original!G69/100*original!$BK69 -> 12023.138 | H13: =original!H69/100*original!$BK69 -> 10039.799 | I13: =original!I69/100*original!$BK69 -> 9944.0514 | ... BI13: =original!BI69/100*original!$BK69 -> 27.3564
... A18: 43830 | B18: =original!B74/100*original!$BK74 -> 8036.287 | C18: =original!C74/100*original!$BK74 -> 7784.278 | D18: =original!D74/100*original!$BK74 -> 7672.274 | E18: =original!E74/100*original!$BK74 -> 7154.2555 | F18: =original!F74/100*original!$BK74 -> 7882.2815 | G18: =original!G74/100*original!$BK74 -> 10486.374 | H18: =original!H74/100*original!$BK74 -> 12054.431 | I18: =original!I74/100*original!$BK74 -> 9968.356 | ... BI18: =original!BI74/100*original!$BK74 -> 42.0015
A19: 44196 | B19: =[1]表5全国及各地区人口年龄结构!$B$8*B18/SUM($B18:$D18)/10000 -> 8667.6031 | C19: =[1]表5全国及各地区人口年龄结构!$B$8*C18/SUM($B18:$D18)/10000 -> 8395.7968 | D19: =[1]表5全国及各地区人口年龄结构!$B$8*D18/SUM($B18:$D18)/10000 -> 8274.9939 | E19: =[1]表5全国及各地区人口年龄结构!$B$9*E18/SUM($E18:$M18)/10000 -> 7021.4495 | F19: =[1]表5全国及各地区人口年龄结构!$B$9*F18/SUM($E18:$M18)/10000 -> 7735.961 | G19: =[1]表5全国及各地区人口年龄结构!$B$9*G18/SUM($E18:$M18)/10000 -> 10291.714 | H19: =[1]表5全国及各地区人口年龄结构!$B$9*H18/SUM($E18:$M18)/10000 -> 11830.661 | I19: =[1]表5全国及各地区人口年龄结构!$B$9*I18/SUM($E18:$M18)/10000 -> 9783.3112 | J19: =[1]表5全国及各地区人口年龄结构!$B$9*J18/SUM($E18:$M18)/10000 -> 9700.8676 | K19: =[1]表5全国及各地区人口年龄结构!$B$9*K18/SUM($E18:$M18)/10000 -> 12036.771 | L19: =[1]表5全国及各地区人口年龄结构!$B$9*L18/SUM($E18:$M18)/10000 -> 11720.737 | M19: =[1]表5全国及各地区人口年龄结构!$B$9*M18/SUM($E18:$M18)/10000 -> 9316.1306 | N19: =([1]表5全国及各地区人口年龄结构!$B$10-[1]表5全国及各地区人口年龄结构!$B$11)/10000 -> 7338.3486 | O19: =[1]表5全国及各地区人口年龄结构!$B$11*O18/SUM($O18:$U18)/10000 -> 7658.7762 | P19: =[1]表5全国及各地区人口年龄结构!$B$11*P18/SUM($O18:$U18)/10000 -> 4959.2471 | Q19: =[1]表5全国及各地区人口年龄结构!$B$11*Q18/SUM($O18:$U18)/10000 -> 3139.3399 | R19: =[1]表5全国及各地区人口年龄结构!$B$11*R18/SUM($O18:$U18)/10000 -> 1986.732 | S19: =[1]表5全国及各地区人口年龄结构!$B$11*S18/SUM($O18:$U18)/10000 -> 970.61718 | T19: =[1]表5全国及各地区人口年龄结构!$B$11*T18/SUM($O18:$U18)/10000 -> 288.15197 | U19: =[1]表5全国及各地区人口年龄结构!$B$11*U18/SUM($O18:$U18)/10000 -> 60.663574 | V19: =original!V75/100*original!$BK75 -> 0 | W19: =original!W75/100*original!$BK75 -> 0 | X19: =original!X75/100*original!$BK75 -> 0 | Y19: =original!Y75/100*original!$BK75 -> 0 | Z19: =original!Z75/100*original!$BK75 -> 0 | AA19: =original!AA75/100*original!$BK75 -> 0 | AB19: =original!AB75/100*original!$BK75 -> 0 | AC19: =original!AC75/100*original!$BK75 -> 0 | ... BI19: =original!BI75/100*original!$BK75 -> 0

Sheet original
A1: 指标名称 | B1: 抽样数:占总人口比例:0-4岁 | C1: 抽样数:占总人口比例:5-9岁 | D1: 抽样数:占总人口比例:10-14岁 | E1: 抽样数:占总人口比例:15-19岁 | F1: 抽样数:占总人口比例:20-24岁 | G1: 抽样数:占总人口比例:25-29岁 | H1: 抽样数:占总人口比例:30-34岁 | I1: 抽样数:占总人口比例:35-39岁 | J1: 抽样数:占总人口比例:40-44岁 | K1: 抽样数:占总人口比例:45-49岁 | L1: 抽样数:占总人口比例:50-54岁 | M1: 抽样数:占总人口比例:55-59岁 | N1: 抽样数:占总人口比例:60-64岁 | O1: 抽样数:占总人口比例:65-69岁 | P1: 抽样数:占总人口比例:70-74岁 | Q1: 抽样数:占总人口比例:75-79岁 | R1: 抽样数:占总人口比例:80-84岁 | S1: 抽样数:占总人口比例:85-89岁 | T1: 抽样数:占总人口比例:90-94岁 | U1: 抽样数:占总人口比例:95岁以上 | V1: 抽样数:占总人口比例:男性:0-4岁 | W1: 抽样数:占总人口比例:男性:5-9岁 | X1: 抽样数:占总人口比例:男性:10-14岁 | Y1: 抽样数:占总人口比例:男性:15-19岁 | Z1: 抽样数:占总人口比例:男性:20-24岁 | AA1: 抽样数:占总人口比例:男性:25-29岁 | AB1: 抽样数:占总人口比例:男性:30-34岁 | AC1: 抽样数:占总人口比例:男性:35-39岁 | AD1: 抽样数:占总人口比例:男性:40-44岁 | AE1: 抽样数:占总人口比例:男性:45-49岁 | AF1: 抽样数:占总人口比例:男性:50-54岁 | AG1: 抽样数:占总人口比例:男性:55-59岁 | AH1: 抽样数:占总人口比例:男性:60-64岁 | AI1: 抽样数:占总人口比例:男性:65-69岁 | AJ1: 抽样数:占总人口比例:男性:70-74岁 | AK1: 抽样数:占总人口比例:男性:75-79岁 | AL1: 抽样数:占总人口比例:男性:80-84岁 | AM1: 抽样数:占总人口比例:男性:85-89岁 | AN1: 抽样数:占总人口比例:男性:90-94岁 | AO1: 抽样数:占总人口比例:男性:95岁以上 | AP1: 抽样数:占总人口比例:女性:0-4岁 | AQ1: 抽样数:占总人口比例:女性:5-9岁 | AR1: 抽样数:占总人口比例:女性:10-14岁 | AS1: 抽样数:占总人口比例:女性:15-19岁 | AT1: 抽样数:占总人口比例:女性:20-24岁 | AU1: 抽样数:占总人口比例:女性:25-29岁 | AV1: 抽样数:占总人口比例:女性:30-34岁 | AW1: 抽样数:占总人口比例:女性:35-39岁 | AX1: 抽样数:占总人口比例:女性:40-44岁 | AY1: 抽样数:占总人口比例:女性:45-49岁 | AZ1: 抽样数:占总人口比例:女性:50-54岁 | BA1: 抽样数:占总人口比例:女性:55-59岁 | BB1: 抽样数:占总人口比例:女性:60-64岁 | BC1: 抽样数:占总人口比例:女性:65-69岁 | BD1: 抽样数:占总人口比例:女性:70-74岁 | BE1: 抽样数:占总人口比例:女性:75-79岁 | BF1: 抽样数:占总人口比例:女性:80-84岁 | BG1: 抽样数:占总人口比例:女性:85-89岁 | BH1: 抽样数:占总人口比例:女性:90-94岁 | BI1: 抽样数:占总人口比例:女性:95岁以上 | BJ1: 总人口 | BK1: 总人口
A2: 频率 | B2: 年 | C2: 年 | D2: 年 | E2: 年 | F2: 年 | G2: 年 | H2: 年 | I2: 年 | J2: 年 | K2: 年 | L2: 年 | M2: 年 | N2: 年 | O2: 年 | P2: 年 | Q2: 年 | R2: 年 | S2: 年 | T2: 年 | U2: 年 | V2: 年 | W2: 年 | X2: 年 | Y2: 年 | Z2: 年 | AA2: 年 | AB2: 年 | AC2: 年 | AD2: 年 | AE2: 年 | AF2: 年 | AG2: 年 | AH2: 年 | AI2: 年 | AJ2: 年 | AK2: 年 | AL2: 年 | AM2: 年 | AN2: 年 | AO2: 年 | AP2: 年 | AQ2: 年 | AR2: 年 | AS2: 年 | AT2: 年 | AU2: 年 | AV2: 年 | AW2: 年 | AX2: 年 | AY2: 年 | AZ2: 年 | BA2: 年 | BB2: 年 | BC2: 年 | BD2: 年 | BE2: 年 | BF2: 年 | BG2: 年 | BH2: 年 | BI2: 年 | BJ2: 年 | BK2: 年
A3: 单位 | B3: % | C3: % | D3: % | E3: % | F3: % | G3: % | H3: % | I3: % | J3: % | K3: % | L3: % | M3: % | N3: % | O3: % | P3: % | Q3: % | R3: % | S3: % | T3: % | U3: % | V3: % | W3: % | X3: % | Y3: % | Z3: % | AA3: % | AB3: % | AC3: % | AD3: % | AE3: % | AF3: % | AG3: % | AH3: % | AI3: % | AJ3: % | AK3: % | AL3: % | AM3: % | AN3: % | AO3: % | AP3: % | AQ3: % | AR3: % | AS3: % | AT3: % | AU3: % | AV3: % | AW3: % | AX3: % | AY3: % | AZ3: % | BA3: % | BB3: % | BC3: % | BD3: % | BE3: % | BF3: % | BG3: % | BH3: % | BI3: % | BJ3: 万人 | BK3: 万人
A4: 18263 | BK4: 54167
A5: 18628 | BK5: 55196
A6: 18993 | BK6: 56300
A7: 19359 | BK7: 57482
A8: 19724 | BJ8: 59435 | BK8: 58796
A9: 20089 | BK9: 60266
A10: 20454 | BK10: 61465
A11: 20820 | BK11: 62828
A12: 21185 | BK12: 64653
A13: 21550 | BK13: 65994
A14: 21915 | BK14: 67207
A15: 22281 | BK15: 66207
A16: 22646 | BK16: 65859
A17: 23011 | BK17: 67295
A18: 23376 | BK18: 69172
A19: 23742 | BJ19: 69458 | BK19: 70499
A20: 24107 | BK20: 72538
A21: 24472 | BK21: 74542
A22: 24837 | BK22: 76368
A23: 25203 | BK23: 78534
A24: 25568 | BK24: 80671
A25: 25933 | BK25: 82992
A26: 26298 | BK26: 85229
A27: 26664 | BK27: 87177
A28: 27029 | BK28: 89211
A29: 27394 | BK29: 90859
A30: 27759 | BK30: 92420
A31: 28125 | BK31: 93717
... A36: 29951 | BK36: 100072
A37: 30316 | BJ37: 100818 | BK37: 101654
A38: 30681 | BK38: 103008
A39: 31047 | BK39: 104357
A40: 31412 | BK40: 105851
A41: 31777 | BK41: 107507
A42: 32142 | BK42: 109300
A43: 32508 | BK43: 111026
A44: 32873 | BK44: 112704
A45: 33238 | BJ45: 113368 | BK45: 114333
A46: 33603 | BK46: 115823
A47: 33969 | BK47: 117171
A48: 34334 | BK48: 118517
A49: 34699 | BK49: 119850
A50: 35064 | BK50: 121121
A51: 35430 | BK51: 122389
A52: 35795 | BK52: 123626
A53: 36160 | BK53: 124761
A54: 36525 | BK54: 125786 | BL54: =BK54-BK53 -> 1025
A55: 36891 | BJ55: 126583 | BK55: 126743 | BL55: =BK55-BK54 -> 957
A56: 37256 | BK56: 127627 | BL56: =BK56-BK55 -> 884
A57: 37621 | BK57: 128453 | BL57: =BK57-BK56 -> 826
A58: 37986 | B58: 5.05 | C58: 6.56 | D58: 8.76 | E58: 8.37 | F58: 6.79 | G58: 7.6 | H58: 9.71 | I58: 9.61 | J58: 7.44 | K58: 7.49 | L58: 6.32 | M58: 4.43 | N58: 3.62 | O58: 3.29 | P58: 2.47 | Q58: 1.47 | R58: 0.75 | S58: 0.27 | T58: 0.08 | U58: 0.02 | V58: 2.73 | W58: 3.55 | X58: 4.61 | Y58: 4.36 | Z58: 3.41 | AA58: 3.81 | AB58: 4.9 | AC58: 4.86 | AD58: 3.81 | AE58: 3.78 | AF58: 3.19 | AG58: 2.23 | AH58: 1.83 | AI58: 1.65 | AJ58: 1.24 | AK58: 0.7 | AL58: 0.34 | AM58: 0.4 | AN58: 0.03 | AO58: 0 | AP58: 2.6 | AQ58: 3 | AR58: 4.17 | AS58: 4 | AT58: 3.39 | AU58: 3.81 | AV58: 4.83 | AW58: 4.75 | AX58: 3.9 | AY58: 3.7 | AZ58: 3.17 | BA58: 2.21 | BB58: 1.8 | BC58: 1.66 | BD58: 1.22 | BE58: 0.79 | BF58: 0.42 | BG58: 0.17 | BH58: 0.05 | BI58: 0.01 | BK58: 129227 | BL58: =BK58-BK57 -> 774
A59: 38352 | B59: 4.95 | C59: 6.09 | D59: 8.3 | E59: 8.72 | F59: 6.35 | G59: 7.06 | H59: 9.41 | I59: 9.78 | J59: 8.04 | K59: 7.15 | L59: 6.9 | M59: 4.95 | N59: 3.8 | O59: 3.2 | P59: 2.8 | Q59: 1.53 | R59: 0.84 | S59: 0.3 | T59: 0.09 | U59: 0.02 | V59: 2.72 | W59: 3.31 | X59: 4.38 | Y59: 4.52 | Z59: 3.13 | AA59: 3.48 | AB59: 4.72 | AC59: 4.91 | AD59: 4.03 | AE59: 3.62 | AF59: 3.8 | AG59: 2.51 | AH59: 1.97 | AI59: 1.6 | AJ59: 1.28 | AK59: 0.73 | AL59: 0.38 | AM59: 0.14 | AN59: 0.03 | AO59: 0.01 | AP59: 2.25 | AQ59: 2.8 | AR59: 4.1 | AS59: 4.2 | AT59: 3.23 | AU59: 3.59 | AV59: 4.7 | AW59: 4.87 | AX59: 4.01 | AY59: 3.53 | AZ59: 3.5 | BA59: 2.43 | BB59: 1.86 | BC59: 1.62 | BD59: 1.31 | BE59: 0.9 | BF59: 0.49 | BG59: 0.19 | BH59: 0.09 | BI59: 0.01 | BK59: 129988 | BL59: =BK59-BK58 -> 761
A60: 38717 | B60: 5.34 | C60: 6.24 | D60: 7.97 | E60: 8.5 | F60: 6.1 | G60: 6.54 | H60: 8.51 | I60: 9.72 | J60: 8.69 | K60: 6.76 | L60: 7.28 | M60: 5.34 | N60: 3.93 | O60: 3.32 | P60: 2.68 | Q60: 1.71 | R60: 0.92 | S60: 0.33 | T60: 0.09 | V60: 2.94 | W60: 3.4 | X60: 4.25 | Y60: 4.41 | Z60: 2.94 | AA60: 3.17 | AB60: 4.19 | AC60: 4.79 | AD60: 4.31 | AE60: 3.39 | AF60: 3.67 | AG60: 2.72 | AH60: 2.02 | AI60: 1.68 | AJ60: 1.32 | AK60: 0.8 | AL60: 0.39 | AM60: 0.12 | AN60: 0.03 | AP60: 2.4 | AQ60: 2.88 | AR60: 3.72 | AS60: 4.09 | AT60: 3.16 | AU60: 3.36 | AV60: 4.33 | AW60: 4.94 | AX60: 4.37 | AY60: 3.37 | AZ60: 3.62 | BA60: 2.62 | BB60: 1.92 | BC60: 1.64 | BD60: 1.36 | BE60: 0.91 | BF60: 0.53 | BG60: 0.21 | BH60: 0.07 | BI60: 0.0148 | BK60: 130756 | BL60: =BK60-BK59 -> 768
A61: 39082 | B61: 5.0774 | C61: 5.9185 | D61: 7.4737 | E61: 8.8057 | F61: 6.3857 | G61: 6.2138 | H61: 7.831 | I61: 9.5544 | J61: 9.7077 | K61: 6.4139 | L61: 7.597 | M61: 5.7247 | N61: 4.0989 | O61: 3.3535 | P61: 2.7411 | Q61: 1.7299 | R61: 0.9076 | S61: 0.3473 | V61: 2.7771 | W61: 3.2651 | X61: 4.0294 | Y61: 4.6518 | Z61: 3.125 | AA61: 3.0074 | AB61: 3.8417 | AC61: 4.6981 | AD61: 4.8024 | AE61: 3.2069 | AF61: 3.827 | AG61: 2.8959 | AH61: 2.0917 | AI61: 1.7155 | AJ61: 1.3534 | AK61: 0.8259 | AL61: 0.386 | AM61: 0.1309 | AP61: 2.3004 | AQ61: 2.6534 | AR61: 3.4443 | AS61: 4.1539 | AT61: 3.2607 | AU61: 3.2064 | AV61: 3.9894 | AW61: 4.8563 | AX61: 4.9054 | AY61: 3.2068 | AZ61: 3.77 | BA61: 2.8287 | BB61: 2.0072 | BC61: 1.638 | BD61: 1.3876 | BE61: 0.9039 | BF61: 0.5216 | BG61: 0.2164 | BK61: 131448 | BL61: =BK61-BK60 -> 692
A62: 39447 | B62: 5.05 | C62: 5.74 | D62: 7.09 | E62: 8.32 | F62: 6.61 | G62: 6.46 | H62: 7.3 | I62: 9.71 | J62: 9.75 | K62: 6.4 | L62: 7.78 | M62: 6.16 | N62: 4.29 | O62: 3.35 | P62: 2.8 | Q62: 1.77 | R62: 0.95 | S62: 0.37 | T62: 0.09 | U62: 0.02 | V62: 2.79 | W62: 3.14 | X62: 3.81 | Y62: 4.41 | Z62: 3.24 | AA62: 3.13 | AB62: 3.59 | AC62: 4.81 | AD62: 4.85 | AE62: 3.19 | AF62: 3.92 | AG62: 3.11 | AH62: 2.18 | AI62: 1.71 | AJ62: 1.38 | AK62: 0.85 | AL62: 0.42 | AM62: 0.15 | AN62: 0.03 | AO62: 0.01 | AP62: 2.26 | AQ62: 2.6 | AR62: 3.28 | AS62: 3.91 | AT62: 3.37 | AU62: 3.32 | AV62: 3.71 | AW62: 4.9 | AX62: 4.9 | AY62: 3.21 | AZ62: 3.86 | BA62: 3.05 | BB62: 2.11 | BC62: 1.64 | BD62: 1.42 | BE62: 0.92 | BF62: 0.53 | BG62: 0.23 | BH62: 0.07 | BI62: 0.02 | BK62: 132129 | BL62: =BK62-BK61 -> 681
A63: 39813 | B63: 5.13 | C63: 5.46 | D63: 6.73 | E63: 7.87 | F63: 6.86 | G63: 6.48 | H63: 6.96 | I63: 9.27 | J63: 9.65 | K63: 7.19 | L63: 7.8 | M63: 6.58 | N63: 4.47 | O63: 3.32 | P63: 2.83 | Q63: 1.87 | R63: 0.99 | S63: 0.41 | T63: 0.1 | U63: 0.02 | V63: 2.83 | W63: 3 | X63: 3.61 | Y63: 4.19 | Z63: 3.39 | AA63: 3.18 | AB63: 3.45 | AC63: 4.58 | AD63: 4.81 | AE63: 3.57 | AF63: 3.93 | AG63: 3.33 | AH63: 2.27 | AI63: 1.68 | AJ63: 1.4 | AK63: 0.89 | AL63: 0.44 | AM63: 0.16 | AN63: 0.03 | AO63: 0.01 | AP63: 2.3 | AQ63: 2.47 | AR63: 3.12 | AS63: 3.68 | AT63: 3.47 | AU63: 3.3 | AV63: 3.51 | AW63: 4.69 | AX63: 4.84 | AY63: 3.62 | AZ63: 3.87 | BA63: 3.25 | BB63: 2.2 | BC63: 1.64 | BD63: 1.42 | BE63: 0.97 | BF63: 0.55 | BG63: 0.25 | BH63: 0.07 | BI63: 0.02 | BK63: 132802 | BL63: =BK63-BK62 -> 673
A64: 40178 | B64: 5.16 | C64: 5.41 | D64: 6.3 | E64: 7.17 | F64: 7.52 | G64: 6.48 | H64: 6.76 | I64: 9.1 | J64: 9.64 | K64: 7.93 | L64: 7.24 | M64: 6.79 | N64: 4.78 | O64: 3.44 | P64: 2.79 | Q64: 1.93 | R64: 1.01 | S64: 0.41 | T64: 0.1 | U64: 0.03 | V64: 2.84 | W64: 2.98 | X64: 3.41 | Y64: 3.79 | Z64: 3.78 | AA64: 3.23 | AB64: 3.33 | AC64: 4.51 | AD64: 4.8 | AE64: 3.92 | AF64: 3.64 | AG64: 3.4 | AH64: 2.43 | AI64: 1.74 | AJ64: 1.4 | AK64: 0.94 | AL64: 0.44 | AM64: 0.17 | AN64: 0.03 | AO64: 0.01 | AP64: 2.32 | AQ64: 2.43 | AR64: 2.88 | AS64: 3.38 | AT64: 3.75 | AU64: 3.24 | AV64: 3.43 | AW64: 4.59 | AX64: 4.85 | AY64: 4.01 | AZ64: 3.6 | BA64: 3.39 | BB64: 2.35 | BC64: 1.7 | BD64: 1.39 | BE64: 0.99 | BF64: 0.57 | BG64: 0.24 | BH64: 0.07 | BI64: 0.02 | BK64: 133450 | BL64: =BK64-BK63 -> 648
A65: 40543 | BJ65: 133972 | BK65: 134091 | BL65: =BK65-BK64 -> 641
A66: 40908 | B66: 5.66 | C66: 5.35 | D66: 5.46 | E66: 7.02 | F66: 9.48 | G66: 7.79 | H66: 7.17 | I66: 8.46 | J66: 9.38 | K66: 8.81 | L66: 5.43 | M66: 6.26 | N66: 4.6 | O66: 3.15 | P66: 2.52 | Q66: 1.85 | R66: 1.04 | S66: 0.42 | T66: 0.13 | U66: 0.03 | V66: 3.08 | W66: 2.9 | X66: 2.94 | Y66: 3.67 | Z66: 4.82 | AA66: 3.93 | AB66: 3.66 | AC66: 4.33 | AD66: 4.79 | AE66: 4.49 | AF66: 2.78 | AG66: 3.16 | AH66: 2.33 | AI66: 1.58 | AJ66: 1.26 | AK66: 0.87 | AL66: 0.46 | AM66: 0.16 | AN66: 0.04 | AO66: 0.01 | AP66: 2.58 | AQ66: 2.45 | AR66: 2.51 | AS66: 3.35 | AT66: 4.66 | AU66: 3.87 | AV66: 3.51 | AW66: 4.13 | AX66: 4.59 | AY66: 4.32 | AZ66: 2.65 | BA66: 3.1 | BB66: 2.27 | BC66: 1.57 | BD66: 1.26 | BE66: 0.98 | BF66: 0.58 | BG66: 0.26 | BH66: 0.09 | BI66: 0.02 | BK66: 134735 | BL66: =BK66-BK65 -> 644
A67: 41274 | B67: 5.69 | C67: 5.45 | D67: 5.32 | E67: 6.57 | F67: 9.05 | G67: 8 | H67: 7.43 | I67: 7.92 | J67: 9.56 | K67: 8.83 | L67: 5.51 | M67: 6.35 | N67: 4.93 | O67: 3.34 | P67: 2.51 | Q67: 1.89 | R67: 1.08 | S67: 0.42 | T67: 0.13 | U67: 0.03 | V67: 3.08 | W67: 2.96 | X67: 2.88 | Y67: 3.46 | Z67: 4.63 | AA67: 4.02 | AB67: 3.78 | AC67: 4.05 | AD67: 4.88 | AE67: 4.5 | AF67: 2.81 | AG67: 3.21 | AH67: 2.48 | AI67: 1.67 | AJ67: 1.24 | AK67: 0.9 | AL67: 0.48 | AM67: 0.17 | AN67: 0.04 | AO67: 0.01 | AP67: 2.6 | AQ67: 2.49 | AR67: 2.44 | AS67: 3.11 | AT67: 4.42 | AU67: 3.97 | AV67: 3.65 | AW67: 3.87 | AX67: 4.68 | AY67: 4.33 | AZ67: 2.7 | BA67: 3.14 | BB67: 2.45 | BC67: 1.68 | BD67: 1.27 | BE67: 0.99 | BF67: 0.6 | BG67: 0.26 | BH67: 0.08 | BI67: 0.02 | BK67: 135404 | BL67: =BK67-BK66 -> 669
A68: 41639 | B68: 5.68 | C68: 5.58 | D68: 5.15 | E68: 6.14 | F68: 8.71 | G68: 8.33 | H68: 7.39 | I68: 7.54 | J68: 9.28 | K68: 8.77 | L68: 6.22 | M68: 6.32 | N68: 5.21 | O68: 3.51 | P68: 2.49 | Q68: 1.9 | R68: 1.14 | S68: 0.47 | T68: 0.14 | U68: 0.03 | V68: 3.06 | W68: 3.03 | X68: 2.78 | Y68: 3.23 | Z68: 4.56 | AA68: 4.17 | AB68: 3.75 | AC68: 3.85 | AD68: 4.74 | AE68: 4.46 | AF68: 3.16 | AG68: 3.21 | AH68: 2.61 | AI68: 1.75 | AJ68: 1.23 | AK68: 0.9 | AL68: 0.51 | AM68: 0.19 | AN68: 0.05 | AO68: 0.01 | AP68: 2.61 | AQ68: 2.55 | AR68: 2.36 | AS68: 2.91 | AT68: 4.15 | AU68: 4.15 | AV68: 3.64 | AW68: 3.69 | AX68: 4.54 | AY68: 4.31 | AZ68: 3.06 | BA68: 3.11 | BB68: 2.6 | BC68: 1.76 | BD68: 1.27 | BE68: 1 | BF68: 0.63 | BG68: 0.28 | BH68: 0.09 | BI68: 0.02 | BK68: 136072 | BL68: =BK68-BK67 -> 668
A69: 42004 | B69: 5.69 | C69: 5.61 | D69: 5.18 | E69: 5.76 | F69: 8.07 | G69: 8.79 | H69: 7.34 | I69: 7.27 | J69: 9.07 | K69: 8.83 | L69: 6.93 | M69: 5.91 | N69: 5.48 | O69: 3.71 | P69: 2.59 | Q69: 1.9 | R69: 1.18 | S69: 0.5 | T69: 0.16 | U69: 0.03 | V69: 3.07 | W69: 3.05 | X69: 2.81 | Y69: 3.08 | Z69: 4.17 | AA69: 4.43 | AB69: 3.72 | AC69: 3.71 | AD69: 4.63 | AE69: 4.49 | AF69: 3.51 | AG69: 3 | AH69: 2.74 | AI69: 1.83 | AJ69: 1.29 | AK69: 0.91 | AL69: 0.53 | AM69: 0.2 | AN69: 0.05 | AO69: 0.01 | AP69: 2.62 | AQ69: 2.56 | AR69: 2.37 | AS69: 2.68 | AT69: 3.9 | AU69: 4.36 | AV69: 3.63 | AW69: 3.56 | AX69: 4.44 | AY69: 4.34 | AZ69: 3.42 | BA69: 2.9 | BB69: 2.74 | BC69: 1.88 | BD69: 1.3 | BE69: 0.99 | BF69: 0.65 | BG69: 0.3 | BH69: 0.1 | BI69: 0.02 | BK69: 136782 | BL69: =BK69-BK68 -> 710
A70: 42369 | B70: 5.83 | C70: 5.51 | D70: 5.18 | E70: 5.47 | F70: 7.3 | G70: 9.35 | H70: 7.38 | I70: 7.07 | J70: 8.56 | K70: 9.01 | L70: 7.58 | M70: 5.6 | N70: 5.68 | O70: 3.99 | P70: 2.64 | Q70: 1.93 | R70: 1.19 | S70: 0.52 | T70: 0.16 | U70: 0.0323 | V70: 3.14 | W70: 3 | X70: 2.81 | Y70: 2.94 | Z70: 3.8 | AA70: 4.73 | AB70: 3.73 | AC70: 3.61 | AD70: 4.37 | AE70: 4.58 | AF70: 3.84 | AG70: 2.85 | AH70: 2.84 | AI70: 1.99 | AJ70: 1.3 | AK70: 0.92 | AL70: 0.52 | AM70: 0.21 | AN70: 0.06 | AO70: 0.0091 | AP70: 2.7 | AQ70: 2.52 | AR70: 2.37 | AS70: 2.53 | AT70: 3.5 | AU70: 4.62 | AV70: 3.65 | AW70: 3.47 | AX70: 4.19 | AY70: 4.43 | AZ70: 3.74 | BA70: 2.75 | BB70: 2.85 | BC70: 2 | BD70: 1.35 | BE70: 1.01 | BF70: 0.66 | BG70: 0.31 | BH70: 0.1 | BI70: 0.0232 | BK70: 137462 | BL70: =BK70-BK69 -> 680
A71: 42735 | B71: 5.91 | C71: 5.51 | D71: 5.22 | E71: 5.32 | F71: 6.83 | G71: 9.21 | H71: 7.56 | I71: 6.95 | J71: 8.18 | K71: 9.03 | L71: 8.43 | M71: 5.15 | N71: 5.85 | O71: 4.18 | P71: 2.74 | Q71: 1.94 | R71: 1.24 | S71: 0.55 | T71: 0.16 | U71: 0.04 | V71: 3.17 | W71: 2.99 | X71: 2.83 | Y71: 2.87 | Z71: 3.57 | AA71: 4.68 | AB71: 3.81 | AC71: 3.54 | AD71: 4.17 | AE71: 4.59 | AF71: 4.27 | AG71: 2.61 | AH71: 2.92 | AI71: 2.06 | AJ71: 1.34 | AK71: 0.93 | AL71: 0.56 | AM71: 0.23 | AN71: 0.05 | AO71: 0.01 | AP71: 2.74 | AQ71: 2.52 | AR71: 2.39 | AS71: 2.45 | AT71: 3.26 | AU71: 4.53 | AV71: 3.76 | AW71: 3.41 | AX71: 4.01 | AY71: 4.44 | AZ71: 4.16 | BA71: 2.54 | BB71: 2.93 | BC71: 2.12 | BD71: 1.39 | BE71: 1.01 | BF71: 0.68 | BG71: 0.33 | BH71: 0.11 | BI71: 0.02 | BK71: 138271 | BL71: =BK71-BK70 -> 809
A72: 43100 | B72: 5.96 | C72: 5.53 | D72: 5.3 | E72: 5.17 | F72: 6.39 | G72: 8.79 | H72: 7.77 | I72: 7.21 | J72: 7.66 | K72: 9.21 | L72: 8.45 | M72: 5.22 | N72: 5.94 | O72: 4.5 | P72: 2.85 | Q72: 1.97 | R72: 1.28 | S72: 0.58 | T72: 0.17 | U72: 0.04 | V72: 3.18 | W72: 3 | X72: 2.88 | Y72: 2.8 | Z72: 3.36 | AA72: 4.49 | AB72: 3.9 | AC72: 3.66 | AD72: 3.91 | AE72: 4.69 | AF72: 4.28 | AG72: 2.64 | AH72: 2.97 | AI72: 2.21 | AJ72: 1.38 | AK72: 0.94 | AL72: 0.58 | AM72: 0.24 | AN72: 0.06 | AO72: 0.01 | AP72: 2.78 | AQ72: 2.53 | AR72: 2.43 | AS72: 2.38 | AT72: 3.03 | AU72: 4.3 | AV72: 3.86 | AW72: 3.55 | AX72: 3.75 | AY72: 4.52 | AZ72: 4.17 | BA72: 2.58 | BB72: 2.97 | BC72: 2.29 | BD72: 1.47 | BE72: 1.03 | BF72: 0.7 | BG72: 0.34 | BH72: 0.11 | BI72: 0.03 | BK72: 139008 | BL72: =BK72-BK71 -> 737
A73: 43465 | B73: 5.89 | C73: 5.53 | D73: 5.44 | E73: 5.09 | F73: 5.95 | G73: 8.12 | H73: 8.14 | I73: 7.15 | J73: 7.3 | K73: 8.94 | L73: 8.46 | M73: 6.1 | N73: 5.94 | O73: 4.79 | P73: 3.04 | Q73: 1.99 | R73: 1.3 | S73: 0.6 | T73: 0.18 | U73: 0.04 | V73: 3.14 | W73: 2.99 | X73: 2.95 | Y73: 2.76 | Z73: 3.15 | AA73: 4.17 | AB73: 4.09 | AC73: 3.63 | AD73: 3.72 | AE73: 4.55 | AF73: 4.28 | AG73: 3.08 | AH73: 2.98 | AI73: 2.36 | AJ73: 1.48 | AK73: 0.94 | AL73: 0.56 | AM73: 0.25 | AN73: 0.06 | AO73: 0.01 | AP73: 2.75 | AQ73: 2.54 | AR73: 2.49 | AS73: 2.33 | AT73: 2.79 | AU73: 3.95 | AV73: 4.05 | AW73: 3.53 | AX73: 3.58 | AY73: 4.39 | AZ73: 4.19 | BA73: 3.03 | BB73: 2.96 | BC73: 2.43 | BD73: 1.56 | BE73: 1.05 | BF73: 0.73 | BG73: 0.35 | BH73: 0.12 | BI73: 0.03 | BK73: 139538 | BL73: =BK73-BK72 -> 530
A74: 43830 | B74: 5.74 | C74: 5.56 | D74: 5.48 | E74: 5.11 | F74: 5.63 | G74: 7.49 | H74: 8.61 | I74: 7.12 | J74: 7.06 | K74: 8.76 | L74: 8.53 | M74: 6.78 | N74: 5.56 | O74: 5.05 | P74: 3.27 | Q74: 2.07 | R74: 1.31 | S74: 0.64 | T74: 0.19 | U74: 0.04 | V74: 3.06 | W74: 3 | X74: 2.98 | Y74: 2.77 | Z74: 3.01 | AA74: 3.86 | AB74: 4.33 | AC74: 3.6 | AD74: 3.59 | AE74: 4.46 | AF74: 4.31 | AG74: 3.41 | AH74: 2.79 | AI74: 2.47 | AJ74: 1.58 | AK74: 0.97 | AL74: 0.57 | AM74: 0.27 | AN74: 0.07 | AO74: 0.01 | AP74: 2.69 | AQ74: 2.56 | AR74: 2.5 | AS74: 2.34 | AT74: 2.63 | AU74: 3.62 | AV74: 4.28 | AW74: 3.52 | AX74: 3.46 | AY74: 4.3 | AZ74: 4.22 | BA74: 3.38 | BB74: 2.77 | BC74: 2.58 | BD74: 1.68 | BE74: 1.1 | BF74: 0.74 | BG74: 0.38 | BH74: 0.13 | BI74: 0.03 | BK74: 140005 | BL74: =BK74-BK73 -> 467
A75: 44196 | BJ75: 141178 | BL75: =BJ75-BK74 -> 1173

Sheet 出生人口
A1: 指标名称 | B1: 出生人数
A2: 频率 | B2: 年
A3: 单位 | B3: 万人
A4: 18263 | B4: 1950
A5: 18628 | B5: 2042
A6: 18993 | B6: 2128
A7: 19359 | B7: 2127
A8: 19724 | B8: 2175
A9: 20089 | B9: 2288
A10: 20454 | B10: 2004
A11: 20820 | B11: 2004 | C11: =C12+1 -> 64
A12: 21185 | B12: 2200 | C12: =C13+1 -> 63
A13: 21550 | B13: 1928 | C13: =C14+1 -> 62
A14: 21915 | B14: 1665 | C14: =C15+1 -> 61
A15: 22281 | B15: 1381 | C15: =C16+1 -> 60
A16: 22646 | B16: 1187 | C16: =C17+1 -> 59
A17: 23011 | B17: 2491 | C17: =C18+1 -> 58
A18: 23376 | B18: 3000 | C18: =C19+1 -> 57
A19: 23742 | B19: 2759 | C19: =C20+1 -> 56
A20: 24107 | B20: 2748 | C20: =C21+1 -> 55
A21: 24472 | B21: 2795 | C21: =C22+1 -> 54
A22: 24837 | B22: 2593 | C22: =C23+1 -> 53
... A74: 43830 | B74: 1465 | C74: =C75+1 -> 1
B75: =育龄妇女TFR!J19 -> 1440 | C75: 0
